invoice_id,order_date,customer_id,product_id,order_quantity_boxes,billed_quantity_boxes,price_per_box_at_sale_INR,tax_percentage,discount_percentage,line_total_before_tax_discount,tax_amount,discount_amount,final_line_total_INR,payment_status,delivery_status
INV000001,2024-04-19,C044,P019,1,1,1222.02,5,9.72,1222.02,55.16,118.78,1158.4,Pending,Delivered
INV000002,2024-04-14,C006,P056,1,1,994.13,18,2.58,994.13,174.33,25.65,1142.81,Pending,Dispatched
INV000003,2024-04-03,C006,P050,3,3,465.54,18,4.58,1396.62,239.88,63.97,1572.53,Pending,Delivered
INV000004,2024-04-20,C038,P067,5,5,1314.22,18,5.88,6571.1,1113.25,386.38,7297.97,Paid,Dispatched
INV000005,2024-04-30,C007,P073,5,5,1232.99,12,8.78,6164.95,674.84,541.28,6298.51,Paid,Delivered
INV000006,2024-04-19,C039,P061,1,1,3186.53,18,6.81,3186.53,534.52,217.0,3504.05,Paid,Delivered
INV000007,2024-04-29,C022,P031,1,1,5935.95,12,0.2,5935.95,710.89,11.87,6634.97,Pending,Delivered
INV000008,2024-04-09,C032,P013,30,30,3352.63,18,4.43,100578.9,17302.18,4455.65,113425.43,Pending,Delivered
INV000009,2024-04-14,C039,P012,1,1,5829.84,18,4.84,5829.84,998.58,282.16,6546.26,Paid,Delivered
INV000010,2024-04-02,C033,P021,1,1,3998.18,18,8.79,3998.18,656.41,351.44,4303.15,Paid,Delivered
INV000011,2024-04-27,C013,P008,1,1,2773.4,18,1.99,2773.4,489.28,55.19,3207.49,Paid,Delivered
INV000012,2024-04-13,C041,P016,4,4,1288.58,12,1.78,5154.32,607.51,91.75,5670.08,Pending,Delivered
INV000013,2024-04-12,C023,P021,6,6,4187.25,5,2.85,25123.5,1220.37,716.02,25627.85,Paid,Delivered
INV000014,2024-04-19,C050,P028,6,6,7222.59,12,6.52,43335.54,4861.21,2825.48,45371.27,Paid,Dispatched
INV000015,2024-04-25,C044,P002,2,2,224.18,5,2.24,448.36,21.92,10.04,460.24,Paid,Dispatched
INV000016,2024-04-23,C046,P036,2,2,4944.57,12,2.18,9889.14,1160.83,215.58,10834.39,Paid,Delivered
INV000017,2024-04-20,C026,P075,1,1,8741.73,12,5.61,8741.73,990.16,490.41,9241.48,Paid,Delivered
INV000018,2024-04-22,C007,P062,1,1,2196.23,12,2.61,2196.23,256.67,57.32,2395.58,Paid,Dispatched
INV000019,2024-04-10,C013,P020,3,3,745.86,18,4.04,2237.58,386.49,90.4,2533.67,Paid,Delivered
INV000020,2024-04-01,C042,P064,100,100,2734.48,12,7.37,273448.0,30395.39,20153.12,283690.27,Paid,Pending
INV000021,2024-04-27,C013,P044,4,4,1371.36,12,9.07,5485.44,598.55,497.53,5586.46,Paid,Delivered
INV000022,2024-04-28,C011,P072,1,1,2070.97,12,7.25,2070.97,230.5,150.15,2151.32,Paid,Dispatched
INV000023,2024-04-22,C022,P012,1,1,5859.09,12,7.88,5859.09,647.69,461.7,6045.08,Paid,Delivered
INV000024,2024-04-10,C030,P016,2,2,1301.96,18,0.71,2603.92,465.38,18.49,3050.81,Pending,Delivered
INV000025,2024-04-28,C044,P049,3,3,1878.91,5,1.37,5636.73,277.98,77.22,5837.49,Paid,Delivered
INV000026,2024-04-19,C030,P019,2,2,1306.09,12,3.33,2612.18,303.02,86.99,2828.21,Partial,Delivered
INV000027,2024-04-02,C001,P058,1,1,2208.33,5,4.9,2208.33,105.01,108.21,2205.13,Paid,Delivered
INV000028,2024-04-20,C028,P055,2,2,788.79,5,5.34,1577.58,74.67,84.24,1568.01,Paid,Pending
INV000029,2024-04-29,C021,P068,1,1,8563.98,5,2.26,8563.98,418.52,193.55,8788.95,Pending,Delivered
INV000030,2024-04-04,C025,P065,3,3,1292.33,12,9.48,3876.99,421.13,367.54,3930.58,Paid,Delivered
INV000031,2024-04-17,C022,P056,6,6,1016.19,12,3.59,6097.14,705.39,218.89,6583.64,Paid,Dispatched
INV000032,2024-04-30,C026,P003,1,1,8855.76,18,0.22,8855.76,1590.53,19.48,10426.81,Paid,Delivered
INV000033,2024-04-23,C042,P005,2,2,443.93,18,0.49,887.86,159.03,4.35,1042.54,Partial,Delivered
INV000034,2024-04-21,C002,P007,4,4,3449.77,18,2.53,13799.08,2420.99,349.12,15870.95,Paid,Delivered
INV000035,2024-04-22,C041,P002,2,2,236.63,12,6.23,473.26,53.25,29.48,497.03,Paid,Delivered
INV000036,2024-04-29,C007,P066,4,4,9031.37,5,4.98,36125.48,1716.32,1799.05,36042.75,Paid,Delivered
INV000037,2024-04-27,C034,P026,2,2,2973.36,18,4.96,5946.72,1017.32,294.96,6669.08,Paid,Dispatched
INV000038,2024-04-11,C016,P001,1,1,1417.02,18,6.69,1417.02,238.0,94.8,1560.22,Paid,Delivered
INV000039,2024-04-17,C005,P013,10,10,3411.26,12,2.64,34112.6,3985.44,900.57,37197.47,Paid,Delivered
INV000040,2024-04-28,C003,P038,2,2,274.71,5,0.95,549.42,27.21,5.22,571.41,Paid,Delivered
INV000041,2024-04-28,C009,P022,2,2,1253.64,12,8.78,2507.28,274.46,220.14,2561.6,Paid,Delivered
INV000042,2024-04-06,C008,P052,2,2,1847.11,18,8.51,3694.22,608.37,314.38,3988.21,Paid,Delivered
INV000043,2024-04-26,C011,P015,1,1,354.28,5,1.04,354.28,17.53,3.68,368.13,Pending,Delivered
INV000044,2024-04-19,C044,P057,1,1,5259.56,5,8.63,5259.56,240.28,453.9,5045.94,Pending,Delivered
INV000045,2024-04-29,C009,P062,10,10,2141.94,5,0.63,21419.4,1064.22,134.94,22348.68,Paid,Delivered
INV000046,2024-04-28,C044,P068,5,5,8506.96,18,8.73,42534.8,6987.87,3713.29,45809.38,Paid,Delivered
INV000047,2024-04-20,C007,P056,4,4,1016.53,18,6.41,4066.12,684.99,260.64,4490.47,Paid,Delivered
INV000048,2024-04-29,C040,P007,1,1,3497.71,12,8.52,3497.71,383.97,298.0,3583.68,Pending,Delivered
INV000049,2024-04-16,C021,P031,2,2,6094.83,18,6.43,12189.66,2053.05,783.8,13458.91,Paid,Delivered
INV000050,2024-04-15,C029,P074,2,2,413.38,5,9.81,826.76,37.28,81.11,782.93,Paid,Delivered
INV000051,2024-04-13,C027,P005,3,2,444.9,18,6.38,889.8,149.95,56.77,982.98,Pending,Delivered
INV000052,2024-04-21,C043,P059,20,20,2755.41,5,8.44,55108.2,2522.85,4651.13,52979.92,Paid,Delivered
INV000053,2024-04-20,C031,P047,4,4,245.93,5,0.02,983.72,49.18,0.2,1032.7,Paid,Delivered
INV000054,2024-04-26,C019,P071,3,3,1512.99,5,4.92,4538.97,215.78,223.32,4531.43,Pending,Delivered
INV000055,2024-04-14,C007,P033,3,3,8383.87,12,2.16,25151.61,2953.0,543.27,27561.34,Pending,Delivered
INV000056,2024-05-04,C049,P054,1,1,3687.71,5,7.72,3687.71,170.15,284.69,3573.17,Paid,Delivered
INV000057,2024-05-31,C033,P018,30,29,2618.75,12,8.39,75943.75,8348.65,6371.68,77920.72,Paid,Delivered
INV000058,2024-05-30,C012,P075,1,1,8216.4,18,6.01,8216.4,1390.07,493.81,9112.66,Pending,Delivered
INV000059,2024-05-13,C027,P032,1,1,955.15,12,8.05,955.15,105.39,76.89,983.65,Paid,Delivered
INV000060,2024-05-29,C048,P066,1,1,9802.04,18,7.37,9802.04,1634.33,722.41,10713.96,Paid,Delivered
INV000061,2024-05-07,C040,P038,4,4,265.82,18,6.5,1063.28,178.95,69.11,1173.12,Partial,Delivered
INV000062,2024-05-23,C041,P042,4,4,1333.58,18,5.71,5334.32,905.35,304.59,5935.08,Paid,Delivered
INV000063,2024-05-24,C035,P037,6,6,13188.17,5,0.25,79129.02,3946.56,197.82,82877.76,Paid,Delivered
INV000064,2024-05-07,C018,P021,50,50,3884.53,5,6.91,194226.5,9040.27,13421.05,189845.72,Paid,Delivered
INV000065,2024-05-02,C023,P058,1,1,2351.52,5,7.42,2351.52,108.85,174.48,2285.89,Paid,Delivered
INV000066,2024-05-26,C045,P037,4,2,13759.64,18,3.13,27519.28,4798.43,861.35,31456.36,Paid,Delivered
INV000067,2024-05-09,C013,P057,5,5,5461.89,18,3.68,27309.45,4734.8,1004.99,31039.26,Paid,Delivered
INV000068,2024-05-07,C050,P025,1,1,2724.86,5,9.62,2724.86,123.14,262.13,2585.87,Paid,Delivered
INV000069,2024-05-02,C028,P036,3,3,5074.04,12,0.06,15222.12,1825.56,9.13,17038.55,Paid,Dispatched
INV000070,2024-05-02,C010,P042,3,3,1342.72,18,3.01,4028.16,703.24,121.25,4610.15,Paid,Delivered
INV000071,2024-05-03,C046,P041,3,3,480.44,18,1.59,1441.32,255.31,22.92,1673.71,Paid,Delivered
INV000072,2024-05-12,C015,P028,4,4,6924.72,18,5.3,27698.88,4721.55,1468.04,30952.39,Partial,Delivered
INV000073,2024-05-21,C001,P015,4,4,351.44,18,9.19,1405.76,229.78,129.19,1506.35,Paid,Delivered
INV000074,2024-05-29,C021,P049,10,10,1783.07,18,7.24,17830.7,2977.16,1290.94,19516.92,Paid,Delivered
INV000075,2024-05-25,C024,P066,5,5,8958.96,18,1.93,44794.8,7907.45,864.54,51837.71,Paid,Dispatched
INV000076,2024-05-06,C050,P069,3,3,837.15,18,7.74,2511.45,417.07,194.39,2734.13,Pending,Delivered
INV000077,2024-05-04,C014,P069,5,5,887.36,12,6.47,4436.8,497.97,287.06,4647.71,Pending,Delivered
INV000078,2024-05-05,C002,P059,4,3,2755.41,12,5.58,8266.23,936.6,461.26,8741.57,Paid,Delivered
INV000079,2024-05-09,C027,P050,2,2,439.05,12,6.73,878.1,98.28,59.1,917.28,Paid,Delivered
INV000080,2024-05-20,C005,P075,1,1,8455.33,18,1.06,8455.33,1505.83,89.63,9871.53,Paid,Delivered
INV000081,2024-05-03,C019,P057,2,2,5067.9,5,5.33,10135.8,479.78,540.24,10075.34,Paid,Delivered
INV000082,2024-05-26,C035,P038,30,30,282.33,18,6.48,8469.9,1425.79,548.85,9346.84,Partial,Delivered
INV000083,2024-05-28,C036,P019,1,1,1272.55,5,3.05,1272.55,61.69,38.81,1295.43,Paid,Dispatched
INV000084,2024-05-12,C014,P053,10,10,703.32,5,2.21,7033.2,343.89,155.43,7221.66,Pending,Delivered
INV000085,2024-05-06,C043,P073,6,6,1241.41,18,4.61,7448.46,1278.92,343.37,8384.01,Paid,Delivered
INV000086,2024-05-03,C017,P013,1,1,3596.88,12,1.28,3596.88,426.1,46.04,3976.94,Paid,Delivered
INV000087,2024-05-20,C005,P025,2,2,2705.47,12,6.93,5410.94,604.32,374.98,5640.28,Paid,Delivered
INV000088,2024-05-26,C021,P055,1,1,823.98,18,7.4,823.98,137.34,60.97,900.35,Paid,Delivered
INV000089,2024-05-05,C044,P043,6,6,2324.87,12,4.87,13949.22,1592.39,679.33,14862.28,Paid,Delivered
INV000090,2024-05-03,C018,P018,10,10,2670.14,18,0.76,26701.4,4769.72,202.93,31268.19,Paid,Delivered
INV000091,2024-05-17,C041,P004,5,5,14646.84,5,9.06,73234.2,3329.96,6635.02,69929.14,Paid,Delivered
INV000092,2024-05-18,C031,P020,2,2,807.24,18,8.57,1614.48,265.7,138.36,1741.82,Paid,Delivered
INV000093,2024-05-03,C026,P047,3,3,248.25,18,6.84,744.75,124.89,50.94,818.7,Paid,Delivered
INV000094,2024-05-06,C012,P073,20,20,1246.0,18,7.32,24920.0,4157.25,1824.14,27253.11,Pending,Delivered
INV000095,2024-05-25,C032,P030,1,1,24219.72,5,5.18,24219.72,1148.26,1254.58,24113.4,Paid,Delivered
INV000096,2024-06-15,C003,P006,50,50,3068.33,18,6.34,153416.5,25864.18,9726.61,169554.07,Paid,Delivered
INV000097,2024-06-19,C035,P073,1,1,1167.84,18,8.98,1167.84,191.33,104.87,1254.3,Paid,Delivered
INV000098,2024-06-30,C015,P067,2,2,1343.45,12,8.87,2686.9,293.83,238.33,2742.4,Paid,Dispatched
INV000099,2024-06-15,C011,P030,1,1,24690.52,5,1.57,24690.52,1215.14,387.64,25518.02,Paid,Delivered
INV000100,2024-06-22,C015,P054,5,5,3612.2,12,4.79,18061.0,2063.51,865.12,19259.39,Paid,Delivered
INV000101,2024-06-14,C002,P032,1,1,874.68,18,5.13,874.68,149.37,44.87,979.18,Pending,Delivered
INV000102,2024-06-06,C017,P024,3,3,2286.12,18,0.19,6858.36,1232.16,13.03,8077.49,Paid,Delivered
INV000103,2024-06-10,C006,P028,2,2,7369.62,5,2.19,14739.24,720.82,322.79,15137.27,Paid,Delivered
INV000104,2024-06-19,C050,P024,3,3,2095.36,18,3.43,6286.08,1092.68,215.61,7163.15,Paid,Delivered
INV000105,2024-06-08,C025,P050,1,1,464.06,18,0.96,464.06,82.73,4.45,542.34,Paid,Delivered
INV000106,2024-06-02,C035,P065,5,5,1269.86,18,5.39,6349.3,1081.27,342.23,7088.34,Paid,Dispatched
INV000107,2024-06-22,C042,P056,3,3,982.31,18,4.29,2946.93,507.69,126.42,3328.2,Pending,Delivered
INV000108,2024-06-25,C025,P045,3,3,1759.26,18,5.76,5277.78,895.28,304.0,5869.06,Paid,Delivered
INV000109,2024-06-25,C015,P011,1,1,253.59,5,0.05,253.59,12.67,0.13,266.13,Paid,Delivered
INV000110,2024-06-17,C008,P067,1,1,1394.72,12,4.09,1394.72,160.52,57.04,1498.2,Paid,Delivered
INV000111,2024-06-19,C017,P034,6,6,774.64,12,9.92,4647.84,502.41,461.07,4689.18,Paid,Delivered
INV000112,2024-06-18,C036,P062,1,1,2159.1,12,5.78,2159.1,244.12,124.8,2278.42,Paid,Delivered
INV000113,2024-06-05,C043,P016,4,4,1318.3,5,1.0,5273.2,261.02,52.73,5481.49,Paid,Delivered
INV000114,2024-06-26,C036,P007,1,1,3306.3,5,8.23,3306.3,151.71,272.11,3185.9,Paid,Delivered
INV000115,2024-06-03,C005,P034,1,1,746.42,12,9.31,746.42,81.23,69.49,758.16,Paid,Delivered
INV000116,2024-06-10,C046,P008,20,20,2692.78,12,0.11,53855.6,6455.56,59.24,60251.92,Pending,Dispatched
INV000117,2024-06-17,C019,P025,1,1,2676.07,5,6.15,2676.07,125.57,164.58,2637.06,Paid,Delivered
INV000118,2024-06-21,C001,P021,1,1,3996.43,18,3.95,3996.43,690.94,157.86,4529.51,Paid,Delivered
INV000119,2024-06-24,C046,P009,10,10,2716.58,18,9.15,27165.8,4442.42,2485.67,29122.55,Paid,Pending
INV000120,2024-06-09,C015,P025,2,2,2526.61,5,4.07,5053.22,242.38,205.67,5089.93,Paid,Delivered
INV000121,2024-06-10,C022,P015,5,5,350.4,18,2.5,1752.0,307.48,43.8,2015.68,Paid,Delivered
INV000122,2024-06-16,C050,P032,5,5,904.28,12,8.97,4521.4,493.9,405.57,4609.73,Pending,Delivered
INV000123,2024-06-09,C005,P049,3,3,1840.59,5,8.0,5521.77,254.0,441.74,5334.03,Paid,Delivered
INV000124,2024-06-18,C001,P034,1,1,801.15,12,0.76,801.15,95.41,6.09,890.47,Pending,Delivered
INV000125,2024-06-12,C014,P074,1,1,424.12,5,4.99,424.12,20.15,21.16,423.11,Paid,Delivered
INV000126,2024-06-28,C017,P027,1,1,360.05,12,1.56,360.05,42.53,5.62,396.96,Paid,Dispatched
INV000127,2024-06-22,C043,P064,3,3,2771.6,5,8.48,8314.8,380.48,705.1,7990.18,Paid,Delivered
INV000128,2024-06-29,C037,P036,2,2,5256.76,12,3.98,10513.52,1211.41,418.44,11306.49,Paid,Delivered
INV000129,2024-06-17,C028,P062,20,18,2137.78,18,7.76,38480.04,6388.92,2986.05,41882.91,Paid,Delivered
INV000130,2024-06-17,C030,P041,4,3,473.03,5,3.25,1419.09,68.65,46.12,1441.62,Paid,Delivered
INV000131,2024-06-18,C017,P031,1,1,5985.62,5,4.99,5985.62,284.35,298.68,5971.29,Paid,Delivered
INV000132,2024-06-12,C024,P052,1,1,1709.71,18,6.86,1709.71,286.64,117.29,1879.06,Pending,Delivered
INV000133,2024-06-26,C016,P072,2,2,2075.2,18,1.5,4150.4,735.87,62.26,4824.01,Pending,Delivered
INV000134,2024-06-16,C009,P067,3,3,1364.63,12,5.62,4093.89,463.66,230.08,4327.47,Paid,Delivered
INV000135,2024-06-23,C011,P008,1,1,2750.45,5,4.5,2750.45,131.33,123.77,2758.01,Paid,Delivered
INV000136,2024-06-18,C036,P033,2,2,7876.35,18,9.63,15752.7,2562.43,1516.99,16798.14,Paid,Delivered
INV000137,2024-06-21,C035,P023,30,30,869.8,18,4.87,26094.0,4468.18,1270.78,29291.4,Paid,Dispatched
INV000138,2024-06-13,C040,P037,2,2,14492.62,18,8.08,28985.24,4795.78,2342.01,31439.01,Paid,Delivered
INV000139,2024-06-19,C026,P010,1,1,2127.01,18,2.91,2127.01,371.72,61.9,2436.83,Paid,Delivered
INV000140,2024-06-09,C029,P047,4,4,237.84,5,1.84,951.36,46.69,17.51,980.54,Paid,Delivered
INV000141,2024-06-22,C017,P011,1,1,244.82,12,5.48,244.82,27.77,13.42,259.17,Paid,Delivered
INV000142,2024-06-25,C006,P014,1,1,5170.32,12,3.09,5170.32,601.27,159.76,5611.83,Paid,Delivered
INV000143,2024-06-21,C009,P017,3,3,636.35,12,8.6,1909.05,209.38,164.18,1954.25,Paid,Delivered
INV000144,2024-06-28,C035,P035,3,3,13691.84,18,1.77,41075.52,7262.73,727.04,47611.21,Paid,Delivered
INV000145,2024-06-21,C037,P056,3,3,1012.44,12,4.82,3037.32,346.91,146.4,3237.83,Paid,Delivered
INV000146,2024-06-10,C024,P053,1,1,691.91,5,3.44,691.91,33.41,23.8,701.52,Paid,Delivered
INV000147,2024-06-30,C032,P062,1,1,2233.48,18,2.31,2233.48,392.74,51.59,2574.63,Paid,Delivered
INV000148,2024-06-14,C036,P056,2,2,1060.82,12,8.28,2121.64,233.52,175.67,2179.49,Paid,Delivered
INV000149,2024-06-21,C016,P067,5,5,1412.64,18,2.72,7063.2,1236.79,192.12,8107.87,Paid,Delivered
INV000150,2024-06-09,C027,P025,6,6,2609.93,18,4.55,15659.58,2690.47,712.51,17637.54,Paid,Delivered
INV000151,2024-06-16,C013,P042,1,1,1279.02,5,2.82,1279.02,62.15,36.07,1305.1,Paid,Delivered
INV000152,2024-06-01,C015,P012,1,1,5532.78,12,7.86,5532.78,611.75,434.88,5709.65,Paid,Delivered
INV000153,2024-06-23,C003,P043,1,1,2269.91,12,7.76,2269.91,251.25,176.15,2345.01,Paid,Delivered
INV000154,2024-06-07,C017,P049,5,5,1858.62,5,3.85,9293.1,446.77,357.78,9382.09,Partial,Delivered
INV000155,2024-07-07,C030,P013,3,3,3417.29,18,9.61,10251.87,1668.0,985.2,10934.67,Pending,Delivered
INV000156,2024-07-24,C003,P071,3,3,1616.28,5,3.6,4848.84,233.71,174.56,4907.99,Paid,Delivered
INV000157,2024-07-04,C016,P056,2,2,1008.64,5,3.96,2017.28,96.87,79.88,2034.27,Paid,Pending
INV000158,2024-07-19,C045,P061,4,4,3414.06,5,1.58,13656.24,672.02,215.77,14112.49,Paid,Delivered
INV000159,2024-07-30,C049,P008,1,1,2710.49,5,1.26,2710.49,133.82,34.15,2810.16,Paid,Pending
INV000160,2024-07-26,C042,P045,5,5,1652.82,18,3.78,8264.1,1431.31,312.38,9383.03,Paid,Delivered
INV000161,2024-07-02,C032,P057,3,3,5336.44,18,1.87,16009.32,2827.79,299.37,18537.74,Paid,Delivered
INV000162,2024-07-09,C039,P071,1,1,1583.32,12,5.42,1583.32,179.7,85.82,1677.2,Paid,Delivered
INV000163,2024-07-17,C025,P024,6,6,2142.09,18,2.39,12852.54,2258.16,307.18,14803.52,Paid,Delivered
INV000164,2024-07-18,C025,P025,3,3,2686.5,18,2.83,8059.5,1409.66,228.08,9241.08,Paid,Delivered
INV000165,2024-07-04,C034,P009,1,1,2557.72,5,2.02,2557.72,125.3,51.67,2631.35,Paid,Delivered
INV000166,2024-07-19,C042,P050,4,4,457.92,12,0.49,1831.68,218.72,8.98,2041.42,Paid,Delivered
INV000167,2024-07-01,C014,P063,10,10,841.6,18,0.61,8416.0,1505.64,51.34,9870.3,Paid,Dispatched
INV000168,2024-07-14,C024,P008,5,5,2518.72,5,8.34,12593.6,577.16,1050.31,12120.45,Paid,Delivered
INV000169,2024-07-17,C007,P013,4,4,3310.98,18,6.57,13243.92,2227.28,870.13,14601.07,Paid,Dispatched
INV000170,2024-07-18,C048,P072,2,2,2191.64,12,6.74,4383.28,490.54,295.43,4578.39,Paid,Delivered
INV000171,2024-07-04,C011,P024,3,3,2211.93,18,9.98,6635.79,1075.24,662.25,7048.78,Paid,Delivered
INV000172,2024-07-11,C036,P042,6,6,1343.87,18,3.23,8063.22,1404.5,260.44,9207.28,Paid,Delivered
INV000173,2024-07-13,C050,P071,10,10,1672.59,12,9.6,16725.9,1814.43,1605.69,16934.64,Paid,Delivered
INV000174,2024-07-10,C039,P003,3,3,9028.11,12,9.84,27084.33,2930.31,2665.1,27349.54,Paid,Delivered
INV000175,2024-07-25,C045,P036,10,10,5066.71,18,1.55,50667.1,8978.72,785.34,58860.48,Paid,Delivered
INV000176,2024-07-05,C017,P047,6,6,232.76,12,0.92,1396.56,166.05,12.85,1549.76,Paid,Dispatched
INV000177,2024-07-24,C005,P042,5,5,1371.77,18,7.03,6858.85,1147.8,482.18,7524.47,Pending,Delivered
INV000178,2024-07-21,C020,P005,4,4,411.24,5,9.22,1644.96,74.66,151.67,1567.95,Paid,Dispatched
INV000179,2024-07-14,C027,P016,6,6,1311.73,18,9.29,7870.38,1285.06,731.16,8424.28,Paid,Delivered
INV000180,2024-07-02,C020,P068,1,1,8122.88,18,6.98,8122.88,1360.06,566.98,8915.96,Paid,Delivered
INV000181,2024-07-13,C029,P074,3,3,406.22,12,1.48,1218.66,144.07,18.04,1344.69,Paid,Delivered
INV000182,2024-07-24,C004,P071,2,2,1592.46,18,1.3,3184.92,565.83,41.4,3709.35,Paid,Delivered
INV000183,2024-07-16,C026,P074,1,1,426.51,5,2.42,426.51,20.81,10.32,437.0,Paid,Delivered
INV000184,2024-07-22,C037,P012,1,1,5547.17,5,3.21,5547.17,268.46,178.06,5637.57,Paid,Delivered
INV000185,2024-07-10,C011,P045,3,3,1699.48,5,4.4,5098.44,243.71,224.33,5117.82,Pending,Delivered
INV000186,2024-08-12,C010,P011,1,1,266.49,12,0.14,266.49,31.93,0.37,298.05,Paid,Delivered
INV000187,2024-08-15,C031,P003,2,2,8937.24,18,5.23,17874.48,3049.14,934.84,19988.78,Paid,Delivered
INV000188,2024-08-24,C010,P003,2,2,9255.33,12,1.7,18510.66,2183.52,314.68,20379.5,Paid,Delivered
INV000189,2024-08-20,C018,P007,2,2,3329.76,18,2.71,6659.52,1166.23,180.47,7645.28,Pending,Delivered
INV000190,2024-08-28,C007,P003,1,1,9113.64,12,5.09,9113.64,1037.97,463.88,9687.73,Paid,Dispatched
INV000191,2024-08-16,C039,P069,1,1,908.69,18,9.26,908.69,148.42,84.14,972.97,Paid,Delivered
INV000192,2024-08-17,C020,P043,2,2,2236.9,18,3.52,4473.8,776.94,157.48,5093.26,Paid,Delivered
INV000193,2024-08-17,C018,P008,3,3,2765.38,5,9.44,8296.14,375.65,783.16,7888.63,Pending,Delivered
INV000194,2024-08-11,C026,P018,1,1,2734.84,18,8.73,2734.84,449.3,238.75,2945.39,Paid,Delivered
INV000195,2024-08-19,C010,P055,30,30,784.07,18,1.32,23522.1,4178.09,310.49,27389.7,Paid,Delivered
INV000196,2024-08-22,C013,P018,2,2,2610.37,5,4.3,5220.74,249.81,224.49,5246.06,Pending,Delivered
INV000197,2024-08-21,C037,P021,2,2,4239.33,5,1.84,8478.66,416.13,156.01,8738.78,Pending,Delivered
INV000198,2024-08-01,C049,P041,6,6,474.7,12,7.46,2848.2,316.29,212.48,2952.01,Pending,Delivered
INV000199,2024-08-24,C018,P020,5,5,756.84,18,6.17,3784.2,639.13,233.49,4189.84,Paid,Delivered
INV000200,2024-08-20,C015,P030,4,4,26020.56,12,1.34,104082.24,12322.5,1394.7,115010.04,Pending,Delivered
INV000201,2024-08-21,C024,P024,6,6,2088.17,5,2.26,12529.02,612.29,283.16,12858.15,Paid,Pending
INV000202,2024-08-30,C018,P053,1,1,708.15,5,0.66,708.15,35.17,4.67,738.65,Pending,Pending
INV000203,2024-08-28,C040,P063,4,4,880.38,12,4.05,3521.52,405.47,142.62,3784.37,Paid,Delivered
INV000204,2024-08-13,C047,P041,2,2,483.13,18,5.25,966.26,164.8,50.73,1080.33,Pending,Delivered
INV000205,2024-08-17,C007,P058,2,2,2386.2,5,5.19,4772.4,226.24,247.69,4750.95,Paid,Delivered
INV000206,2024-08-18,C025,P067,5,5,1320.24,12,3.98,6601.2,760.62,262.73,7099.09,Paid,Delivered
INV000207,2024-08-15,C011,P055,1,1,815.61,5,4.64,815.61,38.89,37.84,816.66,Paid,Delivered
INV000208,2024-08-17,C008,P024,5,5,2221.11,5,3.93,11105.55,533.45,436.45,11202.55,Paid,Delivered
INV000209,2024-08-15,C038,P026,6,6,3028.69,18,9.07,18172.14,2974.31,1648.21,19498.24,Paid,Delivered
INV000210,2024-08-04,C006,P015,4,4,321.27,18,3.84,1285.08,222.43,49.35,1458.16,Paid,Delivered
INV000211,2024-08-31,C011,P049,3,2,1887.1,18,8.71,3774.2,620.18,328.73,4065.65,Pending,Delivered
INV000212,2024-08-05,C012,P007,2,2,3598.36,12,2.89,7196.72,838.65,207.99,7827.38,Paid,Dispatched
INV000213,2024-08-31,C013,P001,3,3,1473.43,12,5.44,4420.29,501.58,240.46,4681.41,Paid,Dispatched
INV000214,2024-08-08,C014,P061,2,2,3352.52,5,2.45,6705.04,327.04,164.27,6867.81,Paid,Delivered
INV000215,2024-08-18,C014,P007,1,1,3318.33,5,6.67,3318.33,154.85,221.33,3251.85,Pending,Delivered
INV000216,2024-08-30,C006,P007,1,1,3366.01,12,6.11,3366.01,379.24,205.66,3539.59,Paid,Delivered
INV000217,2024-08-26,C036,P023,30,30,873.21,5,0.93,26196.3,1297.63,243.63,27250.3,Paid,Delivered
INV000218,2024-08-13,C005,P055,6,4,767.04,18,8.59,3068.16,504.83,263.55,3309.44,Paid,Delivered
INV000219,2024-08-07,C045,P027,3,3,356.0,18,5.29,1068.0,182.07,56.5,1193.57,Paid,Delivered
INV000220,2024-08-20,C046,P037,2,2,13564.63,18,9.95,27129.26,4397.38,2699.36,28827.28,Paid,Delivered
INV000221,2024-08-19,C032,P067,4,4,1412.7,18,2.33,5650.8,993.45,131.66,6512.59,Paid,Delivered
INV000222,2024-08-04,C002,P060,3,3,825.8,18,9.99,2477.4,401.38,247.49,2631.29,Paid,Delivered
INV000223,2024-08-18,C041,P028,1,1,6915.46,5,3.08,6915.46,335.12,213.0,7037.58,Paid,Delivered
INV000224,2024-08-01,C008,P043,2,2,2391.36,5,8.32,4782.72,219.24,397.92,4604.04,Paid,Delivered
INV000225,2024-08-30,C044,P062,10,10,2197.42,12,1.55,21974.2,2596.03,340.6,24229.63,Paid,Dispatched
INV000226,2024-08-29,C022,P060,5,5,816.62,18,2.99,4083.1,712.98,122.08,4674.0,Paid,Delivered
INV000227,2024-08-18,C002,P027,3,3,363.09,12,0.66,1089.27,129.85,7.19,1211.93,Paid,Delivered
INV000228,2024-08-11,C025,P069,6,6,854.07,18,1.17,5124.42,911.6,59.96,5976.06,Paid,Delivered
INV000229,2024-08-28,C021,P005,1,1,448.93,12,4.52,448.93,51.44,20.29,480.08,Partial,Delivered
INV000230,2024-08-10,C012,P015,2,1,351.77,12,5.06,351.77,40.08,17.8,374.05,Paid,Dispatched
INV000231,2024-08-05,C013,P044,10,10,1369.71,12,1.43,13697.1,1620.15,195.87,15121.38,Pending,Delivered
INV000232,2024-08-31,C034,P017,1,1,686.15,18,1.16,686.15,122.07,7.96,800.26,Paid,Delivered
INV000233,2024-08-28,C039,P012,2,2,5385.62,18,7.46,10771.24,1794.19,803.53,11761.9,Paid,Delivered
INV000234,2024-08-21,C014,P042,1,1,1329.23,12,6.71,1329.23,148.8,89.19,1388.84,Paid,Delivered
INV000235,2024-08-04,C001,P072,3,3,2123.51,12,2.71,6370.53,743.75,172.64,6941.64,Pending,Delivered
INV000236,2024-08-19,C016,P022,1,1,1173.08,12,0.51,1173.08,140.05,5.98,1307.15,Paid,Dispatched
INV000237,2024-09-04,C025,P007,1,1,3573.89,18,6.29,3573.89,602.84,224.8,3951.93,Paid,Delivered
INV000238,2024-09-12,C020,P043,5,5,2405.54,18,0.79,12027.7,2147.88,95.02,14080.56,Pending,Delivered
INV000239,2024-09-19,C009,P012,5,5,5610.65,12,3.1,28053.25,3262.03,869.65,30445.63,Paid,Delivered
INV000240,2024-09-16,C015,P029,1,1,3551.45,12,3.92,3551.45,409.47,139.22,3821.7,Paid,Delivered
INV000241,2024-09-26,C021,P059,2,1,2849.63,12,8.46,2849.63,313.03,241.08,2921.58,Paid,Delivered
INV000242,2024-09-19,C009,P066,1,1,9736.04,12,5.56,9736.04,1103.37,541.32,10298.09,Paid,Delivered
INV000243,2024-09-15,C026,P053,1,1,704.64,12,3.84,704.64,81.31,27.06,758.89,Paid,Delivered
INV000244,2024-09-19,C028,P056,3,3,1055.95,5,6.63,3167.85,147.89,210.03,3105.71,Paid,Dispatched
INV000245,2024-09-19,C032,P015,3,3,338.57,12,1.76,1015.71,119.74,17.88,1117.57,Partial,Delivered
INV000246,2024-09-04,C044,P049,2,2,1718.96,5,8.17,3437.92,157.85,280.88,3314.89,Pending,Dispatched
INV000247,2024-09-21,C001,P019,4,4,1238.47,18,5.78,4953.88,840.16,286.33,5507.71,Paid,Delivered
INV000248,2024-09-11,C020,P073,5,5,1239.61,12,7.18,6198.05,690.36,445.02,6443.39,Pending,Pending
INV000249,2024-09-19,C001,P066,2,2,9217.33,12,9.01,18434.66,2012.84,1660.96,18786.54,Partial,Delivered
INV000250,2024-09-18,C023,P015,6,6,326.79,18,5.9,1960.74,332.11,115.68,2177.17,Paid,Delivered
INV000251,2024-09-13,C025,P056,3,3,1031.14,5,5.55,3093.42,146.09,171.68,3067.83,Pending,Delivered
INV000252,2024-09-14,C010,P037,100,100,13373.45,5,6.48,1337345.0,62534.25,86659.96,1313219.29,Paid,Dispatched
INV000253,2024-09-22,C028,P018,1,1,2579.6,12,8.94,2579.6,281.88,230.62,2630.86,Paid,Dispatched
INV000254,2024-09-20,C012,P059,3,3,2880.89,12,2.26,8642.67,1013.68,195.32,9461.03,Paid,Delivered
INV000255,2024-09-16,C047,P031,4,4,6374.55,18,3.67,25498.2,4421.24,935.78,28983.66,Partial,Delivered
INV000256,2024-09-23,C024,P015,3,3,321.08,18,7.31,963.24,160.71,70.41,1053.54,Partial,Pending
INV000257,2024-09-25,C018,P060,3,3,805.08,5,4.72,2415.24,115.06,114.0,2416.3,Paid,Pending
INV000258,2024-09-03,C044,P070,5,5,1258.35,12,5.35,6291.75,714.62,336.61,6669.76,Paid,Delivered
INV000259,2024-09-29,C031,P074,4,4,436.75,12,2.89,1747.0,203.58,50.49,1900.09,Paid,Dispatched
INV000260,2024-09-24,C020,P073,1,1,1195.45,18,0.52,1195.45,214.06,6.22,1403.29,Partial,Delivered
INV000261,2024-09-20,C002,P037,2,2,13285.9,12,2.52,26571.8,3108.26,669.61,29010.45,Paid,Delivered
INV000262,2024-09-09,C001,P015,3,3,345.35,18,4.47,1036.05,178.15,46.31,1167.89,Pending,Delivered
INV000263,2024-09-23,C016,P063,1,1,801.39,5,9.67,801.39,36.2,77.49,760.1,Paid,Delivered
INV000264,2024-09-27,C032,P053,5,5,727.17,18,1.67,3635.85,643.52,60.72,4218.65,Paid,Delivered
INV000265,2024-09-02,C042,P034,5,5,757.6,12,4.76,3788.0,432.92,180.31,4040.61,Paid,Dispatched
INV000266,2024-09-30,C035,P030,2,2,25424.63,5,5.3,50849.26,2407.71,2695.01,50561.96,Paid,Delivered
INV000267,2024-09-26,C029,P049,4,4,1841.77,5,0.97,7367.08,364.78,71.46,7660.4,Paid,Delivered
INV000268,2024-10-14,C040,P035,2,2,12477.32,18,5.84,24954.64,4229.51,1457.35,27726.8,Paid,Delivered
INV000269,2024-10-08,C047,P025,3,3,2815.67,12,5.48,8447.01,958.09,462.9,8942.2,Paid,Delivered
INV000270,2024-10-01,C027,P013,3,3,3371.78,18,2.83,10115.34,1769.23,286.26,11598.31,Paid,Delivered
INV000271,2024-10-03,C004,P028,20,20,7246.15,5,0.86,144923.0,7183.83,1246.34,150860.49,Paid,Delivered
INV000272,2024-10-25,C042,P073,5,5,1134.83,5,2.53,5674.15,276.53,143.56,5807.12,Paid,Dispatched
INV000273,2024-10-21,C030,P036,5,5,5120.04,12,2.57,25600.2,2993.07,657.93,27935.34,Paid,Delivered
INV000274,2024-10-02,C025,P050,2,1,432.25,5,4.92,432.25,20.55,21.27,431.53,Pending,Delivered
INV000275,2024-10-06,C042,P063,1,1,838.2,18,6.43,838.2,141.17,53.9,925.47,Pending,Delivered
INV000276,2024-10-04,C003,P010,1,1,2237.23,5,8.97,2237.23,101.83,200.68,2138.38,Paid,Delivered
INV000277,2024-10-30,C003,P050,1,1,467.89,18,0.04,467.89,84.19,0.19,551.89,Paid,Delivered
INV000278,2024-10-16,C028,P052,6,6,1837.29,18,2.26,11023.74,1939.43,249.14,12714.03,Paid,Delivered
INV000279,2024-10-25,C031,P016,3,3,1270.24,18,3.03,3810.72,665.15,115.46,4360.41,Paid,Pending
INV000280,2024-10-21,C006,P047,3,3,228.16,12,7.6,684.48,75.9,52.02,708.36,Paid,Delivered
INV000281,2024-10-18,C003,P050,4,4,442.66,5,6.31,1770.64,82.95,111.73,1741.86,Paid,Delivered
INV000282,2024-10-21,C029,P025,1,1,2735.7,18,2.38,2735.7,480.71,65.11,3151.3,Paid,Delivered
INV000283,2024-10-21,C020,P064,3,3,2743.77,5,0.37,8231.31,410.04,30.46,8610.89,Paid,Delivered
INV000284,2024-10-02,C026,P016,1,1,1293.42,18,8.7,1293.42,212.56,112.53,1393.45,Paid,Delivered
INV000285,2024-10-08,C005,P005,4,4,408.44,18,0.46,1633.76,292.72,7.52,1918.96,Paid,Delivered
INV000286,2024-10-06,C041,P007,10,10,3341.5,18,1.71,33415.0,5911.85,571.4,38755.45,Paid,Delivered
INV000287,2024-10-04,C008,P064,3,3,2627.14,5,4.26,7881.42,377.28,335.75,7922.95,Pending,Pending
INV000288,2024-10-22,C026,P042,1,1,1331.2,12,8.36,1331.2,146.39,111.29,1366.3,Paid,Delivered
INV000289,2024-10-19,C012,P043,1,1,2427.94,5,6.96,2427.94,112.95,168.98,2371.91,Paid,Delivered
INV000290,2024-10-30,C038,P006,1,1,3044.83,12,7.78,3044.83,336.95,236.89,3144.89,Paid,Delivered
INV000291,2024-10-01,C001,P023,10,10,895.88,12,4.16,8958.8,1030.33,372.69,9616.44,Pending,Delivered
INV000292,2024-10-23,C009,P027,1,1,345.38,5,9.38,345.38,15.65,32.4,328.63,Paid,Delivered
INV000293,2024-10-06,C046,P064,3,3,2857.67,12,3.48,8573.01,992.96,298.34,9267.63,Paid,Delivered
INV000294,2024-10-04,C034,P013,3,3,3610.1,18,2.19,10830.3,1906.76,237.18,12499.88,Paid,Delivered
INV000295,2024-10-09,C004,P025,1,1,2771.97,12,4.98,2771.97,316.07,138.04,2950.0,Paid,Dispatched
INV000296,2024-10-02,C042,P047,1,1,234.8,12,0.43,234.8,28.05,1.01,261.84,Paid,Dispatched
INV000297,2024-10-06,C011,P004,2,2,14842.86,18,4.45,29685.72,5105.65,1321.01,33470.36,Paid,Delivered
INV000298,2024-10-24,C044,P042,1,1,1285.08,5,7.38,1285.08,59.51,94.84,1249.75,Pending,Delivered
INV000299,2024-10-08,C005,P061,3,1,3186.93,18,4.55,3186.93,547.55,145.01,3589.47,Paid,Delivered
INV000300,2024-10-24,C013,P046,30,30,845.96,18,5.69,25378.8,4308.26,1444.05,28243.01,Paid,Delivered
INV000301,2024-10-15,C030,P054,1,1,3772.6,18,1.57,3772.6,668.41,59.23,4381.78,Paid,Pending
INV000302,2024-10-29,C011,P074,30,30,396.97,18,4.89,11909.1,2038.81,582.35,13365.56,Partial,Delivered
INV000303,2024-10-27,C030,P036,1,1,5232.87,5,3.27,5232.87,253.09,171.11,5314.85,Paid,Dispatched
INV000304,2024-10-19,C010,P074,10,10,395.05,12,7.33,3950.5,439.31,289.57,4100.24,Paid,Delivered
INV000305,2024-10-13,C031,P013,2,2,3449.42,5,6.93,6898.84,321.04,478.09,6741.79,Paid,Delivered
INV000306,2024-10-12,C019,P031,3,3,6076.73,12,1.62,18230.19,2152.18,295.33,20087.04,Paid,Delivered
INV000307,2024-10-19,C002,P059,2,2,2961.14,5,7.9,5922.28,272.72,467.86,5727.14,Paid,Delivered
INV000308,2024-10-21,C001,P010,2,2,2178.69,12,4.26,4357.38,500.61,185.62,4672.37,Paid,Dispatched
INV000309,2024-10-18,C037,P027,5,5,361.74,18,9.32,1808.7,295.22,168.57,1935.35,Paid,Dispatched
INV000310,2024-10-12,C004,P015,2,2,319.63,12,1.75,639.26,75.37,11.19,703.44,Paid,Delivered
INV000311,2024-10-23,C050,P027,1,1,348.77,18,4.78,348.77,59.78,16.67,391.88,Pending,Delivered
INV000312,2024-10-31,C045,P027,5,5,340.44,12,5.04,1702.2,193.97,85.79,1810.38,Paid,Delivered
INV000313,2024-10-12,C023,P058,2,2,2196.82,18,5.32,4393.64,748.78,233.74,4908.68,Pending,Dispatched
INV000314,2024-10-15,C040,P048,5,5,5814.01,5,1.88,29070.05,1426.18,546.52,29949.71,Pending,Delivered
INV000315,2024-10-13,C012,P037,20,19,13589.46,18,1.48,258199.74,45788.11,3821.36,300166.49,Paid,Delivered
INV000316,2024-10-31,C041,P003,1,1,9270.11,5,4.74,9270.11,441.54,439.4,9272.25,Paid,Delivered
INV000317,2024-10-01,C019,P025,1,1,2593.18,18,6.45,2593.18,436.67,167.26,2862.59,Paid,Delivered
INV000318,2024-10-21,C021,P063,3,3,876.16,12,4.58,2628.48,300.97,120.38,2809.07,Paid,Dispatched
INV000319,2024-10-10,C011,P034,1,1,767.97,5,1.48,767.97,37.83,11.37,794.43,Paid,Pending
INV000320,2024-10-20,C011,P069,1,1,896.63,18,9.05,896.63,146.79,81.15,962.27,Paid,Delivered
INV000321,2024-10-04,C003,P041,3,3,472.52,5,5.62,1417.56,66.89,79.67,1404.78,Paid,Delivered
INV000322,2024-10-12,C010,P048,2,2,5644.64,5,9.2,11289.28,512.53,1038.61,10763.2,Paid,Delivered
INV000323,2024-10-05,C030,P041,1,1,481.78,18,3.31,481.78,83.85,15.95,549.68,Paid,Delivered
INV000324,2024-10-10,C049,P074,4,4,426.19,12,3.39,1704.76,197.64,57.79,1844.61,Paid,Delivered
INV000325,2024-11-05,C044,P071,1,1,1582.73,5,3.26,1582.73,76.56,51.6,1607.69,Paid,Delivered
INV000326,2024-11-17,C015,P036,1,1,5220.13,18,6.72,5220.13,876.48,350.79,5745.82,Paid,Delivered
INV000327,2024-11-07,C032,P041,3,3,456.06,18,3.61,1368.18,237.38,49.39,1556.17,Paid,Dispatched
INV000328,2024-11-12,C025,P048,1,1,5505.8,12,8.74,5505.8,602.95,481.21,5627.54,Paid,Delivered
INV000329,2024-11-15,C048,P054,5,5,3740.61,12,7.29,18703.05,2080.75,1363.45,19420.35,Paid,Delivered
INV000330,2024-11-20,C006,P019,1,1,1318.38,12,0.66,1318.38,157.16,8.7,1466.84,Partial,Delivered
INV000331,2024-11-03,C001,P053,3,3,705.92,12,7.1,2117.76,236.09,150.36,2203.49,Paid,Delivered
INV000332,2024-11-06,C025,P038,3,1,287.1,12,4.94,287.1,32.75,14.18,305.67,Paid,Delivered
INV000333,2024-11-26,C001,P020,1,1,812.57,12,1.24,812.57,96.3,10.08,898.79,Paid,Delivered
INV000334,2024-11-06,C032,P032,1,1,907.68,5,5.99,907.68,42.67,54.37,895.98,Paid,Delivered
INV000335,2024-11-14,C017,P061,30,30,3269.77,18,5.75,98093.1,16641.49,5640.35,109094.24,Pending,Delivered
INV000336,2024-11-02,C010,P041,2,2,471.87,5,2.73,943.74,45.9,25.76,963.88,Paid,Dispatched
INV000337,2024-11-12,C004,P038,1,1,264.13,5,7.66,264.13,12.2,20.23,256.1,Paid,Delivered
INV000338,2024-11-25,C011,P070,2,2,1373.07,12,2.71,2746.14,320.61,74.42,2992.33,Paid,Delivered
INV000339,2024-11-18,C038,P046,5,3,869.69,12,4.12,2609.07,300.19,107.49,2801.77,Pending,Delivered
INV000340,2024-11-07,C010,P065,1,1,1302.33,18,6.9,1302.33,218.24,89.86,1430.71,Partial,Delivered
INV000341,2024-11-23,C036,P015,2,2,322.42,5,9.23,644.84,29.27,59.52,614.59,Paid,Delivered
INV000342,2024-11-12,C009,P057,6,6,5496.37,12,1.72,32978.22,3889.32,567.23,36300.31,Paid,Delivered
INV000343,2024-11-04,C015,P017,6,6,650.4,5,2.1,3902.4,191.02,81.95,4011.47,Partial,Delivered
INV000344,2024-11-25,C008,P010,1,1,2155.0,5,1.08,2155.0,106.59,23.27,2238.32,Paid,Delivered
INV000345,2024-11-02,C031,P016,10,8,1313.82,5,7.82,10510.56,484.43,821.93,10173.06,Pending,Delivered
INV000346,2024-11-29,C013,P024,4,3,2256.75,12,9.49,6770.25,735.33,642.5,6863.08,Paid,Delivered
INV000347,2024-11-17,C050,P031,3,2,6109.43,18,1.92,12218.86,2157.17,234.6,14141.43,Paid,Dispatched
INV000348,2024-11-18,C001,P013,10,10,3559.27,12,3.66,35592.7,4114.8,1302.69,38404.81,Paid,Delivered
INV000349,2024-11-04,C012,P046,50,50,883.32,12,1.13,44166.0,5240.03,499.08,48906.95,Partial,Delivered
INV000350,2024-11-04,C034,P018,2,2,2543.25,18,0.41,5086.5,911.82,20.85,5977.47,Paid,Delivered
INV000351,2024-11-10,C030,P040,4,4,2411.65,12,2.91,9646.6,1123.91,280.72,10489.79,Pending,Delivered
INV000352,2024-11-03,C031,P048,1,1,5618.79,5,3.96,5618.79,269.81,222.5,5666.1,Paid,Delivered
INV000353,2024-11-04,C010,P051,2,2,370.93,5,0.65,741.86,36.85,4.82,773.89,Partial,Delivered
INV000354,2024-11-20,C026,P016,1,1,1290.03,18,7.66,1290.03,214.42,98.82,1405.63,Paid,Delivered
INV000355,2024-11-26,C042,P052,2,2,1869.42,12,5.11,3738.84,425.73,191.05,3973.52,Paid,Delivered
INV000356,2024-12-09,C032,P064,1,1,2617.06,18,0.53,2617.06,468.57,13.87,3071.76,Paid,Delivered
INV000357,2024-12-06,C025,P042,1,1,1266.03,5,6.61,1266.03,59.12,83.68,1241.47,Paid,Delivered
INV000358,2024-12-15,C013,P038,4,4,269.73,12,8.09,1078.92,119.0,87.28,1110.64,Paid,Delivered
INV000359,2024-12-25,C003,P056,6,6,1028.34,12,4.43,6170.04,707.61,273.33,6604.32,Paid,Delivered
INV000360,2024-12-22,C050,P039,6,6,4205.72,12,7.16,25234.32,2811.3,1806.78,26238.84,Paid,Delivered
INV000361,2024-12-22,C032,P071,4,4,1587.94,5,5.07,6351.76,301.49,322.03,6331.22,Paid,Delivered
INV000362,2024-12-13,C040,P046,5,5,839.61,18,0.45,4198.05,752.25,18.89,4931.41,Pending,Delivered
INV000363,2024-12-24,C038,P004,5,5,14041.65,12,3.45,70208.25,8134.33,2422.18,75920.4,Paid,Delivered
INV000364,2024-12-22,C016,P032,1,1,867.1,18,0.66,867.1,155.05,5.72,1016.43,Paid,Delivered
INV000365,2024-12-01,C035,P042,1,1,1313.31,18,9.01,1313.31,215.1,118.33,1410.08,Paid,Delivered
INV000366,2024-12-19,C002,P041,2,2,483.16,12,1.0,966.32,114.8,9.66,1071.46,Paid,Delivered
INV000367,2024-12-17,C049,P044,1,1,1436.37,5,4.97,1436.37,68.25,71.39,1433.23,Pending,Delivered
INV000368,2024-12-27,C035,P028,1,1,7321.0,18,7.43,7321.0,1219.87,543.95,7996.92,Paid,Delivered
INV000369,2024-12-04,C038,P044,1,1,1370.82,12,2.1,1370.82,161.04,28.79,1503.07,Paid,Delivered
INV000370,2024-12-10,C033,P039,2,2,4098.76,12,2.51,8197.52,959.01,205.76,8950.77,Paid,Delivered
INV000371,2024-12-18,C012,P003,3,3,8911.65,12,2.13,26734.95,3139.86,569.45,29305.36,Partial,Delivered
INV000372,2024-12-15,C018,P069,5,5,903.02,18,7.27,4515.1,753.63,328.25,4940.48,Paid,Delivered
INV000373,2024-12-15,C010,P031,1,1,5957.08,12,4.1,5957.08,685.54,244.24,6398.38,Pending,Dispatched
INV000374,2024-12-21,C014,P053,1,1,704.77,18,6.01,704.77,119.23,42.36,781.64,Paid,Delivered
INV000375,2024-12-07,C002,P032,5,5,906.92,12,4.22,4534.6,521.19,191.36,4864.43,Pending,Delivered
INV000376,2024-12-09,C009,P004,1,1,14474.71,5,6.44,14474.71,677.13,932.17,14219.67,Paid,Delivered
INV000377,2024-12-26,C002,P008,6,6,2681.55,5,9.01,16089.3,731.98,1449.65,15371.63,Paid,Delivered
INV000378,2024-12-22,C006,P051,20,20,372.58,5,5.71,7451.6,351.31,425.49,7377.42,Paid,Delivered
INV000379,2024-12-22,C038,P068,1,1,8204.7,5,7.73,8204.7,378.52,634.22,7949.0,Paid,Delivered
INV000380,2024-12-24,C025,P031,20,20,5828.12,5,9.7,116562.4,5262.79,11306.55,110518.64,Paid,Delivered
INV000381,2024-12-19,C004,P063,3,3,808.77,18,4.24,2426.31,418.22,102.88,2741.65,Paid,Pending
INV000382,2024-12-29,C010,P047,2,2,234.12,18,9.67,468.24,76.13,45.28,499.09,Paid,Delivered
INV000383,2024-12-22,C004,P031,1,1,6182.83,18,3.63,6182.83,1072.51,224.44,7030.9,Pending,Delivered
INV000384,2024-12-28,C016,P057,2,2,5279.66,12,3.01,10559.32,1228.98,317.84,11470.46,Pending,Delivered
INV000385,2024-12-10,C014,P021,10,10,4208.75,18,4.06,42087.5,7268.18,1708.75,47646.93,Paid,Dispatched
INV000386,2024-12-27,C050,P063,2,2,876.09,18,4.22,1752.18,302.08,73.94,1980.32,Pending,Delivered
INV000387,2024-12-06,C045,P034,3,3,794.99,18,7.38,2384.97,397.61,176.01,2606.57,Paid,Delivered
INV000388,2024-12-02,C042,P024,3,3,2087.83,12,2.0,6263.49,736.59,125.27,6874.81,Paid,Delivered
INV000389,2025-01-06,C016,P067,4,4,1388.94,5,8.47,5555.76,254.26,470.57,5339.45,Paid,Delivered
INV000390,2025-01-11,C029,P062,6,6,2085.64,18,8.27,12513.84,2066.21,1034.89,13545.16,Paid,Delivered
INV000391,2025-01-14,C024,P024,2,2,2254.09,18,2.24,4508.18,793.3,100.98,5200.5,Pending,Dispatched
INV000392,2025-01-21,C040,P030,10,10,24653.54,18,8.52,246535.4,40595.5,21004.82,266126.08,Paid,Delivered
INV000393,2025-01-20,C017,P020,1,1,822.26,5,0.14,822.26,41.06,1.15,862.17,Paid,Delivered
INV000394,2025-01-30,C030,P064,1,1,2665.62,12,2.88,2665.62,310.66,76.77,2899.51,Paid,Delivered
INV000395,2025-01-28,C014,P028,100,100,7222.2,12,1.8,722220.0,85106.4,12999.96,794326.44,Paid,Delivered
INV000396,2025-01-09,C016,P058,10,10,2337.67,12,0.86,23376.7,2781.08,201.04,25956.74,Paid,Dispatched
INV000397,2025-01-23,C026,P028,4,4,7267.88,12,0.73,29071.52,3463.12,212.22,32322.42,Paid,Delivered
INV000398,2025-01-30,C016,P061,10,10,3475.23,18,7.1,34752.3,5811.28,2467.41,38096.17,Pending,Delivered
INV000399,2025-01-17,C040,P049,2,2,1780.11,18,0.41,3560.22,638.21,14.6,4183.83,Paid,Delivered
INV000400,2025-01-16,C022,P060,1,1,798.15,5,2.6,798.15,38.87,20.75,816.27,Paid,Pending
INV000401,2025-01-16,C018,P047,10,10,249.01,18,8.3,2490.1,411.02,206.68,2694.44,Pending,Delivered
INV000402,2025-01-14,C011,P041,4,4,502.97,18,8.53,2011.88,331.25,171.61,2171.52,Paid,Delivered
INV000403,2025-01-02,C013,P020,1,1,781.34,5,7.06,781.34,36.31,55.16,762.49,Paid,Pending
INV000404,2025-01-30,C032,P006,2,2,3021.39,12,4.93,6042.78,689.38,297.91,6434.25,Pending,Dispatched
INV000405,2025-01-04,C023,P012,1,1,5836.61,18,5.09,5836.61,997.12,297.08,6536.65,Paid,Dispatched
INV000406,2025-01-19,C014,P075,100,99,8510.53,5,2.46,842542.47,41090.8,20726.54,862906.73,Paid,Delivered
INV000407,2025-01-11,C002,P037,4,4,13769.73,18,9.29,55078.92,8993.18,5116.83,58955.27,Paid,Delivered
INV000408,2025-01-01,C006,P059,6,6,2882.16,12,5.94,17292.96,1951.89,1027.2,18217.65,Paid,Pending
INV000409,2025-01-21,C040,P058,2,2,2350.22,18,1.29,4700.44,835.16,60.64,5474.96,Pending,Delivered
INV000410,2025-01-10,C021,P008,4,4,2681.75,5,3.99,10727.0,514.95,428.01,10813.94,Paid,Pending
INV000411,2025-01-28,C026,P012,1,1,5561.49,12,2.85,5561.49,648.36,158.5,6051.35,Paid,Delivered
INV000412,2025-01-04,C020,P063,5,5,883.53,18,6.04,4417.65,747.15,266.83,4897.97,Paid,Delivered
INV000413,2025-01-12,C033,P026,2,2,3080.19,18,6.0,6160.38,1042.34,369.62,6833.1,Paid,Delivered
INV000414,2025-01-12,C040,P024,2,2,2065.06,12,9.73,4130.12,447.39,401.86,4175.65,Paid,Delivered
INV000415,2025-01-23,C010,P064,3,3,2633.44,12,4.37,7900.32,906.61,345.24,8461.69,Pending,Delivered
INV000416,2025-01-05,C009,P039,6,6,4143.01,5,5.51,24858.06,1174.42,1369.68,24662.8,Pending,Delivered
INV000417,2025-01-17,C028,P053,1,1,737.45,12,3.55,737.45,85.35,26.18,796.62,Paid,Delivered
INV000418,2025-01-01,C008,P060,1,1,786.18,5,4.16,786.18,37.67,32.71,791.14,Paid,Delivered
INV000419,2025-01-24,C030,P058,3,3,2408.51,5,2.11,7225.53,353.65,152.46,7426.72,Paid,Pending
INV000420,2025-01-09,C044,P014,2,1,4870.86,5,6.56,4870.86,227.57,319.53,4778.9,Paid,Delivered
INV000421,2025-01-22,C048,P063,2,2,855.34,18,6.74,1710.68,287.17,115.3,1882.55,Paid,Delivered
INV000422,2025-02-03,C009,P018,1,1,2465.63,5,8.59,2465.63,112.69,211.8,2366.52,Paid,Delivered
INV000423,2025-02-21,C016,P056,6,6,1038.35,5,3.01,6230.1,302.13,187.53,6344.7,Paid,Delivered
INV000424,2025-02-01,C008,P022,10,10,1187.01,12,4.71,11870.1,1357.32,559.08,12668.34,Pending,Delivered
INV000425,2025-02-07,C019,P073,5,5,1163.76,5,6.3,5818.8,272.61,366.58,5724.83,Paid,Pending
INV000426,2025-02-28,C032,P075,3,3,8392.41,12,4.0,25177.23,2900.42,1007.09,27070.56,Paid,Delivered
INV000427,2025-02-22,C032,P030,4,4,25277.89,12,5.53,101111.56,11462.41,5591.47,106982.5,Paid,Delivered
INV000428,2025-02-16,C008,P064,3,3,2743.47,12,0.21,8230.41,985.58,17.28,9198.71,Paid,Delivered
INV000429,2025-02-12,C029,P030,3,3,26011.72,18,8.53,78035.16,12848.18,6656.4,84226.94,Paid,Delivered
INV000430,2025-02-10,C047,P050,20,20,456.54,18,3.6,9130.8,1584.38,328.71,10386.47,Paid,Pending
INV000431,2025-02-06,C040,P027,1,1,353.62,5,1.73,353.62,17.38,6.12,364.88,Paid,Delivered
INV000432,2025-02-26,C027,P064,2,2,2622.29,5,3.59,5244.58,252.82,188.28,5309.12,Paid,Delivered
INV000433,2025-02-06,C033,P005,5,5,412.92,5,1.21,2064.6,101.98,24.98,2141.6,Paid,Delivered
INV000434,2025-02-11,C023,P006,5,5,3131.6,18,8.74,15658.0,2572.11,1368.51,16861.6,Paid,Delivered
INV000435,2025-02-02,C029,P059,30,30,3047.22,18,6.1,91416.6,15451.23,5576.41,101291.42,Pending,Delivered
INV000436,2025-02-18,C003,P065,1,1,1298.75,12,1.57,1298.75,153.4,20.39,1431.76,Paid,Delivered
INV000437,2025-02-17,C032,P013,1,1,3547.21,5,8.49,3547.21,162.3,301.16,3408.35,Paid,Delivered
INV000438,2025-02-25,C001,P032,6,6,887.17,5,0.85,5323.02,263.89,45.25,5541.66,Paid,Delivered
INV000439,2025-02-12,C041,P032,1,1,900.59,5,1.38,900.59,44.41,12.43,932.57,Paid,Dispatched
INV000440,2025-02-15,C034,P047,20,20,246.21,18,8.06,4924.2,814.92,396.89,5342.23,Pending,Delivered
INV000441,2025-02-11,C026,P022,2,2,1133.66,18,1.51,2267.32,401.95,34.24,2635.03,Paid,Pending
INV000442,2025-02-23,C043,P067,30,30,1424.34,18,5.54,42730.2,7265.33,2367.25,47628.28,Paid,Delivered
INV000443,2025-02-12,C001,P036,10,10,4833.49,12,4.46,48334.9,5541.5,2155.74,51720.66,Paid,Delivered
INV000444,2025-02-26,C040,P057,4,4,5506.87,12,7.75,22027.48,2438.44,1707.13,22758.79,Pending,Delivered
INV000445,2025-02-18,C022,P050,4,4,429.71,18,2.84,1718.84,300.6,48.82,1970.62,Paid,Delivered
INV000446,2025-02-17,C022,P021,1,1,4058.58,12,2.41,4058.58,475.29,97.81,4436.06,Paid,Delivered
INV000447,2025-02-17,C008,P008,6,6,2654.23,5,0.48,15925.38,792.45,76.44,16641.39,Paid,Delivered
INV000448,2025-02-10,C037,P001,2,2,1529.61,18,5.66,3059.22,519.49,173.15,3405.56,Pending,Delivered
INV000449,2025-02-18,C039,P030,2,2,26290.26,18,5.73,52580.52,8922.18,3012.86,58489.84,Paid,Delivered
INV000450,2025-02-24,C016,P014,2,2,5263.82,12,4.54,10527.64,1205.96,477.95,11255.65,Paid,Delivered
INV000451,2025-02-14,C006,P012,1,1,5615.57,12,0.78,5615.57,668.61,43.8,6240.38,Paid,Delivered
INV000452,2025-02-18,C034,P051,6,6,393.63,12,6.89,2361.78,263.89,162.73,2462.94,Pending,Delivered
INV000453,2025-02-14,C011,P019,3,3,1261.53,18,5.13,3784.59,646.28,194.15,4236.72,Paid,Delivered
INV000454,2025-02-15,C031,P005,4,4,424.97,5,6.02,1699.88,79.88,102.33,1677.43,Paid,Delivered
INV000455,2025-02-19,C019,P006,3,3,2937.32,12,3.03,8811.96,1025.4,267.0,9570.36,Paid,Delivered
INV000456,2025-02-05,C038,P054,1,1,3773.65,5,1.83,3773.65,185.23,69.06,3889.82,Paid,Delivered
INV000457,2025-02-18,C023,P009,6,6,2672.17,18,4.52,16033.02,2755.5,724.69,18063.83,Paid,Delivered
INV000458,2025-02-27,C047,P017,5,5,667.6,12,6.67,3338.0,373.84,222.64,3489.2,Paid,Delivered
INV000459,2025-02-03,C040,P053,2,2,719.06,5,9.58,1438.12,65.02,137.77,1365.37,Pending,Delivered
INV000460,2025-02-21,C006,P022,4,4,1232.87,18,3.09,4931.48,860.24,152.38,5639.34,Paid,Delivered
INV000461,2025-03-07,C040,P070,3,2,1359.4,18,8.97,2718.8,445.49,243.88,2920.41,Paid,Dispatched
INV000462,2025-03-06,C002,P036,5,5,5140.98,18,4.44,25704.9,4421.45,1141.3,28985.05,Pending,Delivered
INV000463,2025-03-13,C038,P006,2,2,2948.83,5,4.15,5897.66,282.65,244.75,5935.56,Pending,Delivered
INV000464,2025-03-09,C006,P015,30,30,328.64,5,2.56,9859.2,480.34,252.4,10087.14,Paid,Delivered
INV000465,2025-03-14,C044,P022,1,1,1152.53,18,0.59,1152.53,206.23,6.8,1351.96,Paid,Delivered
INV000466,2025-03-14,C021,P034,2,2,753.58,5,2.4,1507.16,73.55,36.17,1544.54,Paid,Delivered
INV000467,2025-03-17,C049,P065,2,2,1188.07,12,5.53,2376.14,269.37,131.4,2514.11,Paid,Delivered
INV000468,2025-03-21,C015,P003,1,1,9405.12,5,7.63,9405.12,434.38,717.61,9121.89,Paid,Delivered
INV000469,2025-03-19,C027,P058,1,1,2217.08,5,3.73,2217.08,106.72,82.7,2241.1,Partial,Delivered
INV000470,2025-03-18,C028,P072,2,1,2267.84,18,2.89,2267.84,396.41,65.54,2598.71,Partial,Delivered
INV000471,2025-03-30,C031,P035,3,3,12879.98,12,8.42,38639.94,4246.38,3253.48,39632.84,Paid,Delivered
INV000472,2025-03-10,C003,P021,4,4,3952.74,12,6.98,15810.96,1764.88,1103.61,16472.23,Pending,Delivered
INV000473,2025-03-09,C028,P027,3,3,340.36,18,9.45,1021.08,166.43,96.49,1091.02,Paid,Pending
INV000474,2025-03-23,C029,P035,1,1,12824.95,12,9.59,12824.95,1391.4,1229.91,12986.44,Paid,Dispatched
INV000475,2025-03-05,C042,P001,3,2,1508.11,12,5.56,3016.22,341.82,167.7,3190.34,Paid,Delivered
INV000476,2025-03-13,C035,P011,5,5,244.31,5,8.93,1221.55,55.62,109.08,1168.09,Pending,Delivered
INV000477,2025-03-04,C023,P049,5,5,1741.83,18,9.84,8709.15,1413.39,856.98,9265.56,Paid,Delivered
INV000478,2025-03-07,C029,P002,1,1,237.09,18,3.58,237.09,41.15,8.49,269.75,Paid,Delivered
INV000479,2025-03-10,C046,P029,1,1,3593.36,12,4.93,3593.36,409.95,177.15,3826.16,Paid,Delivered
INV000480,2025-03-01,C013,P051,1,1,387.85,5,5.52,387.85,18.32,21.41,384.76,Paid,Delivered
INV000481,2025-03-22,C039,P073,1,1,1217.23,5,2.6,1217.23,59.28,31.65,1244.86,Paid,Delivered
INV000482,2025-03-17,C047,P036,1,1,5298.55,18,6.78,5298.55,889.08,359.24,5828.39,Paid,Delivered
INV000483,2025-03-29,C030,P001,20,20,1551.91,5,8.54,31038.2,1419.38,2650.66,29806.92,Paid,Delivered
INV000484,2025-03-14,C018,P016,4,4,1270.6,5,8.84,5082.4,231.66,449.28,4864.78,Paid,Delivered
INV000485,2025-03-14,C035,P058,2,2,2249.99,18,8.08,4499.98,744.55,363.6,4880.93,Partial,Delivered
INV000486,2025-03-23,C028,P010,10,10,2130.76,5,6.26,21307.6,998.69,1333.86,20972.43,Paid,Delivered
INV000487,2025-03-26,C002,P043,6,6,2354.55,12,8.33,14127.3,1554.06,1176.8,14504.56,Pending,Delivered
INV000488,2025-03-08,C005,P057,5,5,5388.39,5,9.75,26941.95,1215.76,2626.84,25530.87,Pending,Delivered
INV000489,2025-03-29,C045,P009,5,3,2521.79,18,6.26,7565.37,1276.52,473.59,8368.3,Paid,Delivered
INV000490,2025-03-18,C004,P038,6,6,280.51,12,2.33,1683.06,197.26,39.22,1841.1,Paid,Delivered
INV000491,2025-03-01,C030,P050,2,2,453.94,5,3.4,907.88,43.85,30.87,920.86,Pending,Delivered
INV000492,2025-03-15,C034,P043,3,3,2235.32,18,0.68,6705.96,1198.86,45.6,7859.22,Paid,Delivered
INV000493,2025-04-05,C041,P066,1,1,9661.59,12,1.86,9661.59,1137.83,179.71,10619.71,Paid,Delivered
INV000494,2025-04-05,C020,P075,2,2,8828.24,12,5.84,17656.48,1995.04,1031.14,18620.38,Paid,Delivered
INV000495,2025-04-16,C020,P044,1,1,1368.82,18,6.78,1368.82,229.68,92.81,1505.69,Paid,Delivered
INV000496,2025-04-27,C036,P007,2,2,3380.94,5,7.85,6761.88,311.55,530.81,6542.62,Paid,Delivered
INV000497,2025-04-23,C045,P060,3,3,802.32,12,6.16,2406.96,271.04,148.27,2529.73,Paid,Delivered
INV000498,2025-04-15,C003,P064,1,1,2817.43,12,6.24,2817.43,316.99,175.81,2958.61,Paid,Delivered
INV000499,2025-04-27,C022,P049,1,1,1902.44,12,0.1,1902.44,228.06,1.9,2128.6,Paid,Delivered
INV000500,2025-04-05,C019,P057,1,1,5497.5,5,9.75,5497.5,248.07,536.01,5209.56,Paid,Delivered
INV000501,2025-04-08,C017,P023,2,2,855.58,5,1.76,1711.16,84.05,30.12,1765.09,Paid,Delivered
INV000502,2025-04-27,C044,P018,2,2,2492.72,5,3.05,4985.44,241.67,152.06,5075.05,Paid,Delivered
INV000503,2025-04-22,C011,P068,30,30,8799.71,18,0.65,263991.3,47209.56,1715.94,309484.92,Paid,Dispatched
INV000504,2025-04-26,C013,P025,3,3,2618.22,12,9.77,7854.66,850.47,767.4,7937.73,Paid,Delivered
INV000505,2025-04-20,C038,P025,6,6,2568.69,5,0.53,15412.14,766.52,81.68,16096.98,Paid,Dispatched
INV000506,2025-04-28,C033,P075,6,6,8195.58,12,7.91,49173.48,5434.06,3889.62,50717.92,Paid,Delivered
INV000507,2025-04-13,C049,P066,2,2,9098.44,18,3.74,18196.88,3152.94,680.56,20669.26,Paid,Delivered
INV000508,2025-04-16,C031,P035,3,3,13466.33,18,0.37,40398.99,7244.91,149.48,47494.42,Paid,Delivered
INV000509,2025-04-28,C016,P051,1,1,382.62,5,9.35,382.62,17.34,35.77,364.19,Paid,Delivered
INV000510,2025-04-05,C049,P011,1,1,248.59,5,4.65,248.59,11.85,11.56,248.88,Paid,Delivered
INV000511,2025-04-15,C028,P053,2,2,713.78,5,1.8,1427.56,70.09,25.7,1471.95,Paid,Delivered
INV000512,2025-04-12,C006,P038,6,6,281.31,12,9.27,1687.86,183.77,156.46,1715.17,Paid,Delivered
INV000513,2025-04-02,C035,P026,2,2,3003.66,18,8.16,6007.32,993.08,490.2,6510.2,Paid,Delivered
INV000514,2025-04-23,C039,P018,100,100,2671.92,12,0.09,267192.0,32034.18,240.47,298985.71,Paid,Delivered
INV000515,2025-04-26,C026,P052,5,5,1686.46,18,5.13,8432.3,1439.95,432.58,9439.67,Paid,Delivered
INV000516,2025-04-13,C015,P030,4,4,24752.48,18,7.86,99009.92,16420.99,7782.18,107648.73,Paid,Delivered
INV000517,2025-04-15,C022,P011,2,2,263.73,18,4.18,527.46,90.97,22.05,596.38,Paid,Dispatched
INV000518,2025-04-01,C024,P018,3,3,2729.93,5,5.0,8189.79,389.02,409.49,8169.32,Paid,Delivered
INV000519,2025-04-08,C027,P055,4,4,823.36,18,3.0,3293.44,575.04,98.8,3769.68,Paid,Delivered
INV000520,2025-04-02,C009,P020,30,30,789.74,18,9.14,23692.2,3874.81,2165.47,25401.54,Paid,Delivered
INV000521,2025-04-13,C014,P051,1,1,386.77,12,5.7,386.77,43.77,22.05,408.49,Paid,Dispatched
INV000522,2025-04-03,C011,P014,4,4,5265.84,18,4.89,21063.36,3606.0,1030.0,23639.36,Paid,Delivered
INV000523,2025-04-13,C019,P027,1,1,330.92,5,3.69,330.92,15.94,12.21,334.65,Paid,Delivered
INV000524,2025-04-30,C027,P051,1,1,389.39,12,7.43,389.39,43.26,28.93,403.72,Paid,Dispatched
INV000525,2025-04-07,C009,P027,2,2,353.53,5,6.04,707.06,33.22,42.71,697.57,Pending,Delivered
INV000526,2025-04-17,C046,P059,1,1,2879.53,12,6.05,2879.53,324.64,174.21,3029.96,Paid,Delivered
INV000527,2025-04-19,C032,P059,2,1,2829.49,12,3.47,2829.49,327.76,98.18,3059.07,Pending,Delivered
INV000528,2025-04-13,C040,P023,2,2,898.21,12,4.58,1796.42,205.7,82.28,1919.84,Pending,Delivered
INV000529,2025-04-19,C007,P051,4,3,378.24,18,5.38,1134.72,193.26,61.05,1266.93,Paid,Delivered
INV000530,2025-04-24,C047,P028,10,10,7287.86,5,9.95,72878.6,3281.36,7251.42,68908.54,Paid,Delivered
INV000531,2025-04-25,C050,P042,2,2,1282.13,5,4.62,2564.26,122.29,118.47,2568.08,Paid,Delivered
INV000532,2025-04-24,C030,P049,2,2,1745.23,5,0.11,3490.46,174.33,3.84,3660.95,Paid,Dispatched
INV000533,2025-04-11,C043,P060,2,1,814.09,12,1.4,814.09,96.32,11.4,899.01,Pending,Delivered
INV000534,2025-04-06,C002,P013,1,1,3518.06,5,0.78,3518.06,174.53,27.44,3665.15,Paid,Delivered
INV000535,2025-04-05,C029,P046,1,1,919.85,18,2.16,919.85,162.0,19.87,1061.98,Paid,Delivered
INV000536,2025-04-26,C034,P014,2,2,4835.09,5,0.49,9670.18,481.14,47.38,10103.94,Paid,Delivered
INV000537,2025-04-08,C024,P031,1,1,6416.37,12,8.21,6416.37,706.75,526.78,6596.34,Paid,Delivered
INV000538,2025-04-29,C007,P022,4,3,1235.41,12,5.62,3706.23,419.75,208.29,3917.69,Paid,Delivered
INV000539,2025-04-18,C026,P055,1,1,786.45,5,0.15,786.45,39.26,1.18,824.53,Paid,Delivered
INV000540,2025-04-07,C030,P029,1,1,3707.93,12,0.44,3707.93,442.99,16.31,4134.61,Pending,Delivered
